Date,Arrivée,Départ,Pause,Activité,Commentaire,Effectif_h,Solde_h
2025-12-10,09:15,15:30,30,Préparation saisie CRISTAL,,6.25,-0.75
2025-12-09,09:10,15:15,30,Préparation saisie CRISTAL,,6.083333333333333,-0.916666666666667
2025-12-08,09:15,15:15,30,Préparation saisie CRISTAL,,6.0,-1.0
2025-12-05,09:00,15:00,30,Préparation saisie CRISTAL,,6.0,-1.0
2025-12-04,09:00,16:00,30,Préparation saisie CRISTAL,,7.0,0.0
2025-12-03,09:50,16:20,30,Préparation saisie CRISTAL,,6.5,-0.5
2025-12-02,09:10,16:30,30,Préparation saisie CRISTAL,,7.333333333333333,0.333333333333333
2025-12-01,09:00,16:45,30,Préparation saisie CRISTAL,,7.75,0.75
2025-11-28,09:00,15:45,30,Préparation saisie CRISTAL,,6.75,-0.25
2025-11-27,09:30,17:40,30,Préparation saisie CRISTAL,,8.166666666666666,1.166666666666666
2025-11-26,09:25,14:00,30,Préparation saisie CRISTAL,,4.583333333333333,-2.416666666666667
2025-11-25,09:30,15:00,30,Préparation saisie CRISTAL,,5.5,-1.5
2025-11-24,09:15,17:40,30,Préparation saisie CRISTAL,,8.416666666666666,1.416666666666666
2025-11-21,09:10,17:00,30,Préparation saisie CRISTAL,,7.833333333333333,0.833333333333333
2025-11-20,09:10,17:20,30,Préparation saisie CRISTAL,,8.166666666666666,1.166666666666666
2025-11-19,09:30,17:25,30,Préparation saisie CRISTAL,,7.916666666666667,0.916666666666667
2025-11-18,09:00,17:30,30,Préparation saisie CRISTAL,,8.5,1.5
2025-11-17,09:10,17:30,30,Préparation saisie CRISTAL,,8.333333333333334,1.333333333333334
2025-12-11,09:20,15:53,30,Préparation saisie CRISTAL,Départ rapide,6.563140758333334,-0.43685924166666634
